timeStamp,elapsed,label,responseCode,responseMessage,threadName,dataType,success,failureMessage,bytes,sentBytes,grpThreads,allThreads,URL,Latency,IdleTime,Connect
1755165441374,87,SignIn,200,OK,Performance Task 1-1,text,true,,492,319,1,1,http://localhost:60968/authentication/authentication/signin,87,0,28
1755165441487,19,Add Skills,200,OK,Performance Task 1-1,text,true,,207,639,1,1,http://localhost:60190/profile/profile/addSkill,19,0,1
1755165441507,7,Update Skills,200,OK,Performance Task 1-1,text,true,,207,657,1,1,http://localhost:60190/profile/profile/updateSkill,7,0,0
1755165441515,5,Delete Skills,200,OK,Performance Task 1-1,text,true,,194,657,1,1,http://localhost:60190/profile/profile/deleteSkill,5,0,0
1755165441521,4,Add Languages,200,OK,Performance Task 1-1,text,true,,207,604,1,1,http://localhost:60190/profile/profile/addLanguage,4,0,0
1755165441525,6,Update Languages,200,OK,Performance Task 1-1,text,true,,215,636,1,1,http://localhost:60190/profile/profile/updateLanguage,6,0,0
1755165441532,5,Delete Languages,200,OK,Performance Task 1-1,text,true,,197,592,1,1,http://localhost:60190/profile/profile/deleteLanguage,5,0,0
1755165441538,4,Add Education,200,OK,Performance Task 1-1,text,true,,207,700,1,1,http://localhost:60190/profile/profile/addEducation,3,0,0
1755165441542,7,Update Education,200,OK,Performance Task 1-1,text,true,,218,736,1,1,http://localhost:60190/profile/profile/updateEducation,6,0,0
1755165441549,5,Delete Education,200,OK,Performance Task 1-1,text,true,,218,593,1,1,http://localhost:60190/profile/profile/deleteEducation,5,0,0
1755165441554,4,Add Certification,200,OK,Performance Task 1-1,text,true,,207,667,1,1,http://localhost:60190/profile/profile/addCertification,4,0,0
1755165441559,6,Update Certification,200,OK,Performance Task 1-1,text,true,,175,710,1,1,http://localhost:60190/profile/profile/updateCertification,6,0,0
1755165441566,4,Delete Certification,200,OK,Performance Task 1-1,text,true,,217,597,1,1,http://localhost:60190/profile/profile/deleteCertification,4,0,0
1755165441571,6,Add Description,200,OK,Performance Task 1-1,text,true,,220,634,1,1,http://localhost:60190/profile/profile/addInfo,6,0,0
1755165441578,17,Share Skills,200,OK,Performance Task 1-1,text,true,,224,1797,1,1,http://localhost:51689/listing/listing/addListing,17,0,1
1755165441596,8,Delete Share Skills,200,OK,Performance Task 1-1,text,true,,204,586,1,1,http://localhost:51689/listing/listing/deleteServiceListing,8,0,0
1755165441605,4,Add Manage Listings,200,OK,Performance Task 1-1,text,true,,224,1795,1,1,http://localhost:51689/listing/listing/addListing,4,0,0
1755165441610,4,View Manage Listings,200,OK,Performance Task 1-1,text,true,,206,598,1,1,http://localhost:60190/profile/profile/isUserAuthenticated,4,0,0
1755165441614,6,Enable Manage Listings,200,OK,Performance Task 1-1,text,true,,190,580,1,1,http://localhost:51689/listing/listing/toggleIsActive,6,0,0
1755165441621,6,Disable Manage Listings,200,OK,Performance Task 1-1,text,true,,189,580,1,1,http://localhost:51689/listing/listing/toggleIsActive,5,0,0
1755165441627,7,Delete Manage Listings,200,OK,Performance Task 1-1,text,true,,202,586,1,1,http://localhost:51689/listing/listing/deleteServiceListing,7,0,0
1755165441634,4,Search Skills,200,OK,Performance Task 1-1,text,true,,206,609,1,1,http://localhost:60190/profile/profile/isUserAuthenticated,4,0,0
1755165441638,4,SignOut,200,OK,Performance Task 1-1,text,true,,206,557,1,1,http://localhost:60190/profile/profile/isUserAuthenticated,4,0,0
1755165441763,52,SignIn,200,OK,Performance Task 1-2,text,true,,492,319,1,1,http://localhost:60968/authentication/authentication/signin,51,0,1
1755165441816,5,Add Skills,200,OK,Performance Task 1-2,text,true,,207,639,1,1,http://localhost:60190/profile/profile/addSkill,5,0,0
1755165441822,7,Update Skills,200,OK,Performance Task 1-2,text,true,,207,657,1,1,http://localhost:60190/profile/profile/updateSkill,7,0,0
1755165441830,4,Delete Skills,200,OK,Performance Task 1-2,text,true,,194,657,1,1,http://localhost:60190/profile/profile/deleteSkill,4,0,0
1755165441835,4,Add Languages,200,OK,Performance Task 1-2,text,true,,207,604,1,1,http://localhost:60190/profile/profile/addLanguage,4,0,0
1755165441840,7,Update Languages,200,OK,Performance Task 1-2,text,true,,215,636,1,1,http://localhost:60190/profile/profile/updateLanguage,7,0,0
1755165441848,4,Delete Languages,200,OK,Performance Task 1-2,text,true,,197,592,1,1,http://localhost:60190/profile/profile/deleteLanguage,4,0,0
1755165441853,4,Add Education,200,OK,Performance Task 1-2,text,true,,207,700,1,1,http://localhost:60190/profile/profile/addEducation,4,0,0
1755165441858,6,Update Education,200,OK,Performance Task 1-2,text,true,,218,736,1,1,http://localhost:60190/profile/profile/updateEducation,6,0,0
1755165441865,5,Delete Education,200,OK,Performance Task 1-2,text,true,,218,593,1,1,http://localhost:60190/profile/profile/deleteEducation,5,0,0
1755165441871,3,Add Certification,200,OK,Performance Task 1-2,text,true,,207,667,1,1,http://localhost:60190/profile/profile/addCertification,3,0,0
1755165441875,7,Update Certification,200,OK,Performance Task 1-2,text,true,,175,710,1,1,http://localhost:60190/profile/profile/updateCertification,7,0,0
1755165441882,5,Delete Certification,200,OK,Performance Task 1-2,text,true,,217,597,1,1,http://localhost:60190/profile/profile/deleteCertification,5,0,0
1755165441887,6,Add Description,200,OK,Performance Task 1-2,text,true,,220,634,1,1,http://localhost:60190/profile/profile/addInfo,6,0,0
1755165441894,6,Share Skills,200,OK,Performance Task 1-2,text,true,,224,1797,1,1,http://localhost:51689/listing/listing/addListing,5,0,1
1755165441900,9,Delete Share Skills,200,OK,Performance Task 1-2,text,true,,204,586,1,1,http://localhost:51689/listing/listing/deleteServiceListing,9,0,0
1755165441909,5,Add Manage Listings,200,OK,Performance Task 1-2,text,true,,224,1795,1,1,http://localhost:51689/listing/listing/addListing,5,0,0
1755165441915,4,View Manage Listings,200,OK,Performance Task 1-2,text,true,,206,598,1,1,http://localhost:60190/profile/profile/isUserAuthenticated,4,0,0
1755165441919,5,Enable Manage Listings,200,OK,Performance Task 1-2,text,true,,190,580,1,1,http://localhost:51689/listing/listing/toggleIsActive,5,0,0
1755165441925,6,Disable Manage Listings,200,OK,Performance Task 1-2,text,true,,189,580,1,1,http://localhost:51689/listing/listing/toggleIsActive,6,0,0
1755165441932,8,Delete Manage Listings,200,OK,Performance Task 1-2,text,true,,202,586,1,1,http://localhost:51689/listing/listing/deleteServiceListing,8,0,0
1755165441940,4,Search Skills,200,OK,Performance Task 1-2,text,true,,206,609,1,1,http://localhost:60190/profile/profile/isUserAuthenticated,4,0,0
1755165441944,4,SignOut,200,OK,Performance Task 1-2,text,true,,206,557,1,1,http://localhost:60190/profile/profile/isUserAuthenticated,4,0,0
1755165442262,54,SignIn,200,OK,Performance Task 1-3,text,true,,492,319,1,1,http://localhost:60968/authentication/authentication/signin,54,0,1
1755165442317,9,Add Skills,200,OK,Performance Task 1-3,text,true,,207,639,1,1,http://localhost:60190/profile/profile/addSkill,9,0,1
1755165442327,15,Update Skills,200,OK,Performance Task 1-3,text,true,,207,657,1,1,http://localhost:60190/profile/profile/updateSkill,15,0,0
1755165442343,7,Delete Skills,200,OK,Performance Task 1-3,text,true,,194,657,1,1,http://localhost:60190/profile/profile/deleteSkill,7,0,0
1755165442350,5,Add Languages,200,OK,Performance Task 1-3,text,false,Test failed: text expected to contain /true/,242,604,1,1,http://localhost:60190/profile/profile/addLanguage,5,0,0
1755165442355,5,Update Languages,200,OK,Performance Task 1-3,text,false,Test failed: text expected to contain /true/,220,619,1,1,http://localhost:60190/profile/profile/updateLanguage,5,0,0
1755165442361,6,Delete Languages,500,Internal Server Error,Performance Task 1-3,,false,Response was null,111,575,1,1,http://localhost:60190/profile/profile/deleteLanguage,6,0,0
1755165442368,4,Add Education,200,OK,Performance Task 1-3,text,true,,207,700,1,1,http://localhost:60190/profile/profile/addEducation,4,0,0
1755165442372,7,Update Education,200,OK,Performance Task 1-3,text,true,,218,736,1,1,http://localhost:60190/profile/profile/updateEducation,7,0,0
1755165442379,4,Delete Education,200,OK,Performance Task 1-3,text,true,,218,593,1,1,http://localhost:60190/profile/profile/deleteEducation,4,0,0
1755165442384,4,Add Certification,200,OK,Performance Task 1-3,text,true,,207,667,1,1,http://localhost:60190/profile/profile/addCertification,4,0,0
1755165442388,7,Update Certification,200,OK,Performance Task 1-3,text,true,,175,710,1,1,http://localhost:60190/profile/profile/updateCertification,7,0,0
1755165442395,4,Delete Certification,200,OK,Performance Task 1-3,text,true,,217,597,1,1,http://localhost:60190/profile/profile/deleteCertification,4,0,0
1755165442399,6,Add Description,200,OK,Performance Task 1-3,text,true,,220,634,1,1,http://localhost:60190/profile/profile/addInfo,6,0,0
1755165442406,7,Share Skills,200,OK,Performance Task 1-3,text,true,,224,1797,1,1,http://localhost:51689/listing/listing/addListing,7,0,1
1755165442413,7,Delete Share Skills,200,OK,Performance Task 1-3,text,true,,204,586,1,1,http://localhost:51689/listing/listing/deleteServiceListing,7,0,0
1755165442421,4,Add Manage Listings,200,OK,Performance Task 1-3,text,true,,224,1795,1,1,http://localhost:51689/listing/listing/addListing,4,0,0
1755165442426,3,View Manage Listings,200,OK,Performance Task 1-3,text,true,,206,598,1,1,http://localhost:60190/profile/profile/isUserAuthenticated,3,0,0
1755165442430,5,Enable Manage Listings,200,OK,Performance Task 1-3,text,true,,190,580,1,1,http://localhost:51689/listing/listing/toggleIsActive,5,0,0
1755165442436,6,Disable Manage Listings,200,OK,Performance Task 1-3,text,true,,189,580,1,1,http://localhost:51689/listing/listing/toggleIsActive,6,0,0
1755165442442,7,Delete Manage Listings,200,OK,Performance Task 1-3,text,true,,202,586,1,1,http://localhost:51689/listing/listing/deleteServiceListing,7,0,0
1755165442449,4,Search Skills,200,OK,Performance Task 1-3,text,true,,206,609,1,1,http://localhost:60190/profile/profile/isUserAuthenticated,4,0,0
1755165442453,3,SignOut,200,OK,Performance Task 1-3,text,true,,206,557,1,1,http://localhost:60190/profile/profile/isUserAuthenticated,3,0,0
1755165442759,48,SignIn,200,OK,Performance Task 1-4,text,true,,492,319,1,1,http://localhost:60968/authentication/authentication/signin,48,0,1
1755165442809,5,Add Skills,200,OK,Performance Task 1-4,text,true,,207,639,1,1,http://localhost:60190/profile/profile/addSkill,5,0,0
1755165442815,7,Update Skills,200,OK,Performance Task 1-4,text,true,,207,657,1,1,http://localhost:60190/profile/profile/updateSkill,7,0,0
1755165442823,5,Delete Skills,200,OK,Performance Task 1-4,text,true,,194,657,1,1,http://localhost:60190/profile/profile/deleteSkill,5,0,0
1755165442829,3,Add Languages,200,OK,Performance Task 1-4,text,true,,207,604,1,1,http://localhost:60190/profile/profile/addLanguage,3,0,0
1755165442833,6,Update Languages,200,OK,Performance Task 1-4,text,true,,215,636,1,1,http://localhost:60190/profile/profile/updateLanguage,6,0,0
1755165442840,4,Delete Languages,200,OK,Performance Task 1-4,text,true,,197,592,1,1,http://localhost:60190/profile/profile/deleteLanguage,3,0,0
1755165442844,4,Add Education,200,OK,Performance Task 1-4,text,true,,207,700,1,1,http://localhost:60190/profile/profile/addEducation,4,0,0
1755165442849,11,Update Education,200,OK,Performance Task 1-4,text,true,,218,736,1,1,http://localhost:60190/profile/profile/updateEducation,11,0,0
1755165442861,6,Delete Education,200,OK,Performance Task 1-4,text,true,,218,593,1,1,http://localhost:60190/profile/profile/deleteEducation,6,0,0
1755165442868,5,Add Certification,200,OK,Performance Task 1-4,text,true,,207,667,1,1,http://localhost:60190/profile/profile/addCertification,5,0,0
1755165442874,7,Update Certification,200,OK,Performance Task 1-4,text,true,,175,710,1,1,http://localhost:60190/profile/profile/updateCertification,7,0,0
1755165442881,5,Delete Certification,200,OK,Performance Task 1-4,text,true,,217,597,1,1,http://localhost:60190/profile/profile/deleteCertification,5,0,0
1755165442887,6,Add Description,200,OK,Performance Task 1-4,text,true,,220,634,1,1,http://localhost:60190/profile/profile/addInfo,6,0,0
1755165442894,5,Share Skills,200,OK,Performance Task 1-4,text,true,,224,1797,1,1,http://localhost:51689/listing/listing/addListing,5,0,0
1755165442900,7,Delete Share Skills,200,OK,Performance Task 1-4,text,true,,204,586,1,1,http://localhost:51689/listing/listing/deleteServiceListing,7,0,0
1755165442908,6,Add Manage Listings,200,OK,Performance Task 1-4,text,true,,224,1795,1,1,http://localhost:51689/listing/listing/addListing,6,0,0
1755165442915,4,View Manage Listings,200,OK,Performance Task 1-4,text,true,,206,598,1,1,http://localhost:60190/profile/profile/isUserAuthenticated,4,0,0
1755165442920,6,Enable Manage Listings,200,OK,Performance Task 1-4,text,true,,190,580,1,1,http://localhost:51689/listing/listing/toggleIsActive,6,0,0
1755165442926,8,Disable Manage Listings,200,OK,Performance Task 1-4,text,true,,189,580,1,1,http://localhost:51689/listing/listing/toggleIsActive,8,0,0
1755165442934,8,Delete Manage Listings,200,OK,Performance Task 1-4,text,true,,202,586,1,1,http://localhost:51689/listing/listing/deleteServiceListing,8,0,0
1755165442943,3,Search Skills,200,OK,Performance Task 1-4,text,true,,206,609,1,1,http://localhost:60190/profile/profile/isUserAuthenticated,3,0,0
1755165442947,4,SignOut,200,OK,Performance Task 1-4,text,true,,206,557,1,1,http://localhost:60190/profile/profile/isUserAuthenticated,4,0,0
1755165443256,50,SignIn,200,OK,Performance Task 1-5,text,true,,492,319,1,1,http://localhost:60968/authentication/authentication/signin,50,0,2
1755165443307,6,Add Skills,200,OK,Performance Task 1-5,text,true,,207,639,1,1,http://localhost:60190/profile/profile/addSkill,6,0,0
1755165443313,8,Update Skills,200,OK,Performance Task 1-5,text,true,,207,657,1,1,http://localhost:60190/profile/profile/updateSkill,8,0,0
1755165443322,4,Delete Skills,200,OK,Performance Task 1-5,text,true,,194,657,1,1,http://localhost:60190/profile/profile/deleteSkill,4,0,0
1755165443327,7,Add Languages,200,OK,Performance Task 1-5,text,true,,207,604,1,1,http://localhost:60190/profile/profile/addLanguage,7,0,0
1755165443335,6,Update Languages,200,OK,Performance Task 1-5,text,true,,215,636,1,1,http://localhost:60190/profile/profile/updateLanguage,6,0,0
1755165443342,4,Delete Languages,200,OK,Performance Task 1-5,text,true,,197,592,1,1,http://localhost:60190/profile/profile/deleteLanguage,4,0,0
1755165443346,4,Add Education,200,OK,Performance Task 1-5,text,true,,207,700,1,1,http://localhost:60190/profile/profile/addEducation,4,0,0
1755165443350,7,Update Education,200,OK,Performance Task 1-5,text,true,,218,736,1,1,http://localhost:60190/profile/profile/updateEducation,7,0,0
1755165443358,5,Delete Education,200,OK,Performance Task 1-5,text,true,,218,593,1,1,http://localhost:60190/profile/profile/deleteEducation,5,0,0
1755165443363,3,Add Certification,200,OK,Performance Task 1-5,text,true,,207,667,1,1,http://localhost:60190/profile/profile/addCertification,3,0,0
1755165443367,6,Update Certification,200,OK,Performance Task 1-5,text,true,,175,710,1,1,http://localhost:60190/profile/profile/updateCertification,6,0,0
1755165443373,5,Delete Certification,200,OK,Performance Task 1-5,text,true,,217,597,1,1,http://localhost:60190/profile/profile/deleteCertification,5,0,0
1755165443378,5,Add Description,200,OK,Performance Task 1-5,text,true,,220,634,1,1,http://localhost:60190/profile/profile/addInfo,5,0,0
1755165443384,6,Share Skills,200,OK,Performance Task 1-5,text,true,,224,1797,1,1,http://localhost:51689/listing/listing/addListing,6,0,1
1755165443390,7,Delete Share Skills,200,OK,Performance Task 1-5,text,true,,204,586,1,1,http://localhost:51689/listing/listing/deleteServiceListing,7,0,0
1755165443397,5,Add Manage Listings,200,OK,Performance Task 1-5,text,true,,224,1795,1,1,http://localhost:51689/listing/listing/addListing,5,0,0
1755165443403,3,View Manage Listings,200,OK,Performance Task 1-5,text,true,,206,598,1,1,http://localhost:60190/profile/profile/isUserAuthenticated,3,0,0
1755165443407,5,Enable Manage Listings,200,OK,Performance Task 1-5,text,true,,190,580,1,1,http://localhost:51689/listing/listing/toggleIsActive,5,0,0
1755165443413,5,Disable Manage Listings,200,OK,Performance Task 1-5,text,true,,189,580,1,1,http://localhost:51689/listing/listing/toggleIsActive,5,0,0
1755165443418,7,Delete Manage Listings,200,OK,Performance Task 1-5,text,true,,202,586,1,1,http://localhost:51689/listing/listing/deleteServiceListing,7,0,0
1755165443426,3,Search Skills,200,OK,Performance Task 1-5,text,true,,206,609,1,1,http://localhost:60190/profile/profile/isUserAuthenticated,3,0,0
1755165443430,3,SignOut,200,OK,Performance Task 1-5,text,true,,206,557,1,1,http://localhost:60190/profile/profile/isUserAuthenticated,3,0,0
1755165443762,50,SignIn,200,OK,Performance Task 1-6,text,true,,492,319,1,1,http://localhost:60968/authentication/authentication/signin,50,0,2
1755165443813,5,Add Skills,200,OK,Performance Task 1-6,text,true,,207,639,1,1,http://localhost:60190/profile/profile/addSkill,5,0,1
1755165443819,10,Update Skills,200,OK,Performance Task 1-6,text,true,,207,657,1,1,http://localhost:60190/profile/profile/updateSkill,10,0,0
1755165443829,4,Delete Skills,200,OK,Performance Task 1-6,text,true,,194,657,1,1,http://localhost:60190/profile/profile/deleteSkill,4,0,0
1755165443834,5,Add Languages,200,OK,Performance Task 1-6,text,true,,207,604,1,1,http://localhost:60190/profile/profile/addLanguage,5,0,0
1755165443839,8,Update Languages,200,OK,Performance Task 1-6,text,true,,215,636,1,1,http://localhost:60190/profile/profile/updateLanguage,8,0,0
1755165443848,5,Delete Languages,200,OK,Performance Task 1-6,text,true,,197,592,1,1,http://localhost:60190/profile/profile/deleteLanguage,5,0,0
1755165443853,9,Add Education,200,OK,Performance Task 1-6,text,true,,207,700,1,1,http://localhost:60190/profile/profile/addEducation,9,0,0
1755165443863,8,Update Education,200,OK,Performance Task 1-6,text,true,,218,736,1,1,http://localhost:60190/profile/profile/updateEducation,8,0,0
1755165443872,4,Delete Education,200,OK,Performance Task 1-6,text,true,,218,593,1,1,http://localhost:60190/profile/profile/deleteEducation,3,0,0
1755165443876,4,Add Certification,200,OK,Performance Task 1-6,text,true,,207,667,1,1,http://localhost:60190/profile/profile/addCertification,4,0,0
1755165443881,6,Update Certification,200,OK,Performance Task 1-6,text,true,,175,710,1,1,http://localhost:60190/profile/profile/updateCertification,6,0,0
1755165443888,5,Delete Certification,200,OK,Performance Task 1-6,text,true,,217,597,1,1,http://localhost:60190/profile/profile/deleteCertification,4,0,0
1755165443893,6,Add Description,200,OK,Performance Task 1-6,text,true,,220,634,1,1,http://localhost:60190/profile/profile/addInfo,6,0,0
1755165443900,6,Share Skills,200,OK,Performance Task 1-6,text,true,,224,1797,1,1,http://localhost:51689/listing/listing/addListing,6,0,0
1755165443906,8,Delete Share Skills,200,OK,Performance Task 1-6,text,true,,204,586,1,1,http://localhost:51689/listing/listing/deleteServiceListing,8,0,0
1755165443914,6,Add Manage Listings,200,OK,Performance Task 1-6,text,true,,224,1795,1,1,http://localhost:51689/listing/listing/addListing,6,0,0
1755165443920,3,View Manage Listings,200,OK,Performance Task 1-6,text,true,,206,598,1,1,http://localhost:60190/profile/profile/isUserAuthenticated,3,0,0
1755165443923,6,Enable Manage Listings,200,OK,Performance Task 1-6,text,true,,190,580,1,1,http://localhost:51689/listing/listing/toggleIsActive,6,0,0
1755165443929,5,Disable Manage Listings,200,OK,Performance Task 1-6,text,true,,189,580,1,1,http://localhost:51689/listing/listing/toggleIsActive,5,0,0
1755165443934,7,Delete Manage Listings,200,OK,Performance Task 1-6,text,true,,202,586,1,1,http://localhost:51689/listing/listing/deleteServiceListing,7,0,0
1755165443941,4,Search Skills,200,OK,Performance Task 1-6,text,true,,206,609,1,1,http://localhost:60190/profile/profile/isUserAuthenticated,4,0,0
1755165443945,3,SignOut,200,OK,Performance Task 1-6,text,true,,206,557,1,1,http://localhost:60190/profile/profile/isUserAuthenticated,3,0,0
1755165444254,52,SignIn,200,OK,Performance Task 1-7,text,true,,492,319,1,1,http://localhost:60968/authentication/authentication/signin,52,0,1
1755165444307,8,Add Skills,200,OK,Performance Task 1-7,text,true,,207,639,1,1,http://localhost:60190/profile/profile/addSkill,8,0,1
1755165444315,9,Update Skills,200,OK,Performance Task 1-7,text,true,,207,657,1,1,http://localhost:60190/profile/profile/updateSkill,9,0,0
1755165444324,5,Delete Skills,200,OK,Performance Task 1-7,text,true,,194,657,1,1,http://localhost:60190/profile/profile/deleteSkill,5,0,0
1755165444330,5,Add Languages,200,OK,Performance Task 1-7,text,true,,207,604,1,1,http://localhost:60190/profile/profile/addLanguage,5,0,0
1755165444335,12,Update Languages,200,OK,Performance Task 1-7,text,true,,215,636,1,1,http://localhost:60190/profile/profile/updateLanguage,12,0,0
1755165444347,5,Delete Languages,200,OK,Performance Task 1-7,text,true,,197,592,1,1,http://localhost:60190/profile/profile/deleteLanguage,5,0,0
1755165444352,4,Add Education,200,OK,Performance Task 1-7,text,true,,207,700,1,1,http://localhost:60190/profile/profile/addEducation,4,0,0
1755165444356,7,Update Education,200,OK,Performance Task 1-7,text,true,,218,736,1,1,http://localhost:60190/profile/profile/updateEducation,7,0,0
1755165444363,4,Delete Education,200,OK,Performance Task 1-7,text,true,,218,593,1,1,http://localhost:60190/profile/profile/deleteEducation,4,0,0
1755165444367,4,Add Certification,200,OK,Performance Task 1-7,text,true,,207,667,1,1,http://localhost:60190/profile/profile/addCertification,4,0,0
1755165444371,6,Update Certification,200,OK,Performance Task 1-7,text,true,,175,710,1,1,http://localhost:60190/profile/profile/updateCertification,6,0,0
1755165444378,3,Delete Certification,200,OK,Performance Task 1-7,text,true,,217,597,1,1,http://localhost:60190/profile/profile/deleteCertification,3,0,0
1755165444382,6,Add Description,200,OK,Performance Task 1-7,text,true,,220,634,1,1,http://localhost:60190/profile/profile/addInfo,6,0,0
1755165444388,7,Share Skills,200,OK,Performance Task 1-7,text,true,,224,1797,1,1,http://localhost:51689/listing/listing/addListing,6,0,1
1755165444395,7,Delete Share Skills,200,OK,Performance Task 1-7,text,true,,204,586,1,1,http://localhost:51689/listing/listing/deleteServiceListing,7,0,0
1755165444402,4,Add Manage Listings,200,OK,Performance Task 1-7,text,true,,224,1795,1,1,http://localhost:51689/listing/listing/addListing,4,0,0
1755165444407,3,View Manage Listings,200,OK,Performance Task 1-7,text,true,,206,598,1,1,http://localhost:60190/profile/profile/isUserAuthenticated,3,0,0
1755165444411,5,Enable Manage Listings,200,OK,Performance Task 1-7,text,true,,190,580,1,1,http://localhost:51689/listing/listing/toggleIsActive,5,0,0
1755165444416,6,Disable Manage Listings,200,OK,Performance Task 1-7,text,true,,189,580,1,1,http://localhost:51689/listing/listing/toggleIsActive,6,0,0
1755165444423,6,Delete Manage Listings,200,OK,Performance Task 1-7,text,true,,202,586,1,1,http://localhost:51689/listing/listing/deleteServiceListing,6,0,0
1755165444430,3,Search Skills,200,OK,Performance Task 1-7,text,true,,206,609,1,1,http://localhost:60190/profile/profile/isUserAuthenticated,3,0,0
1755165444433,4,SignOut,200,OK,Performance Task 1-7,text,true,,206,557,1,1,http://localhost:60190/profile/profile/isUserAuthenticated,4,0,0
1755165444749,51,SignIn,200,OK,Performance Task 1-8,text,true,,492,319,1,1,http://localhost:60968/authentication/authentication/signin,51,0,1
1755165444801,5,Add Skills,200,OK,Performance Task 1-8,text,true,,207,639,1,1,http://localhost:60190/profile/profile/addSkill,5,0,0
1755165444806,7,Update Skills,200,OK,Performance Task 1-8,text,true,,207,657,1,1,http://localhost:60190/profile/profile/updateSkill,7,0,0
1755165444813,3,Delete Skills,200,OK,Performance Task 1-8,text,true,,194,657,1,1,http://localhost:60190/profile/profile/deleteSkill,3,0,0
1755165444817,4,Add Languages,200,OK,Performance Task 1-8,text,true,,207,604,1,1,http://localhost:60190/profile/profile/addLanguage,3,0,0
1755165444821,6,Update Languages,200,OK,Performance Task 1-8,text,true,,215,636,1,1,http://localhost:60190/profile/profile/updateLanguage,6,0,0
1755165444828,3,Delete Languages,200,OK,Performance Task 1-8,text,true,,197,592,1,1,http://localhost:60190/profile/profile/deleteLanguage,3,0,0
1755165444832,4,Add Education,200,OK,Performance Task 1-8,text,true,,207,700,1,1,http://localhost:60190/profile/profile/addEducation,4,0,0
1755165444836,6,Update Education,200,OK,Performance Task 1-8,text,true,,218,736,1,1,http://localhost:60190/profile/profile/updateEducation,6,0,0
1755165444843,5,Delete Education,200,OK,Performance Task 1-8,text,true,,218,593,1,1,http://localhost:60190/profile/profile/deleteEducation,5,0,0
1755165444849,4,Add Certification,200,OK,Performance Task 1-8,text,true,,207,667,1,1,http://localhost:60190/profile/profile/addCertification,4,0,0
1755165444853,6,Update Certification,200,OK,Performance Task 1-8,text,true,,175,710,1,1,http://localhost:60190/profile/profile/updateCertification,6,0,0
1755165444859,4,Delete Certification,200,OK,Performance Task 1-8,text,true,,217,597,1,1,http://localhost:60190/profile/profile/deleteCertification,4,0,0
1755165444864,5,Add Description,200,OK,Performance Task 1-8,text,true,,220,634,1,1,http://localhost:60190/profile/profile/addInfo,5,0,0
1755165444870,7,Share Skills,200,OK,Performance Task 1-8,text,true,,224,1797,1,1,http://localhost:51689/listing/listing/addListing,7,0,1
1755165444878,6,Delete Share Skills,200,OK,Performance Task 1-8,text,true,,204,586,1,1,http://localhost:51689/listing/listing/deleteServiceListing,6,0,0
1755165444884,6,Add Manage Listings,200,OK,Performance Task 1-8,text,true,,224,1795,1,1,http://localhost:51689/listing/listing/addListing,6,0,0
1755165444890,4,View Manage Listings,200,OK,Performance Task 1-8,text,true,,206,598,1,1,http://localhost:60190/profile/profile/isUserAuthenticated,4,0,0
1755165444894,6,Enable Manage Listings,200,OK,Performance Task 1-8,text,true,,190,580,1,1,http://localhost:51689/listing/listing/toggleIsActive,5,0,0
1755165444900,6,Disable Manage Listings,200,OK,Performance Task 1-8,text,true,,189,580,1,1,http://localhost:51689/listing/listing/toggleIsActive,6,0,0
1755165444907,7,Delete Manage Listings,200,OK,Performance Task 1-8,text,true,,202,586,1,1,http://localhost:51689/listing/listing/deleteServiceListing,7,0,0
1755165444914,4,Search Skills,200,OK,Performance Task 1-8,text,true,,206,609,1,1,http://localhost:60190/profile/profile/isUserAuthenticated,4,0,0
1755165444918,4,SignOut,200,OK,Performance Task 1-8,text,true,,206,557,1,1,http://localhost:60190/profile/profile/isUserAuthenticated,4,0,0
1755165445248,49,SignIn,200,OK,Performance Task 1-9,text,true,,492,319,1,1,http://localhost:60968/authentication/authentication/signin,49,0,1
1755165445298,6,Add Skills,200,OK,Performance Task 1-9,text,true,,207,639,1,1,http://localhost:60190/profile/profile/addSkill,6,0,1
1755165445305,6,Update Skills,200,OK,Performance Task 1-9,text,true,,207,657,1,1,http://localhost:60190/profile/profile/updateSkill,6,0,0
1755165445312,4,Delete Skills,200,OK,Performance Task 1-9,text,true,,194,657,1,1,http://localhost:60190/profile/profile/deleteSkill,4,0,0
1755165445316,4,Add Languages,200,OK,Performance Task 1-9,text,true,,207,604,1,1,http://localhost:60190/profile/profile/addLanguage,4,0,0
1755165445321,8,Update Languages,200,OK,Performance Task 1-9,text,true,,215,636,1,1,http://localhost:60190/profile/profile/updateLanguage,8,0,0
1755165445330,4,Delete Languages,200,OK,Performance Task 1-9,text,true,,197,592,1,1,http://localhost:60190/profile/profile/deleteLanguage,4,0,0
1755165445334,5,Add Education,200,OK,Performance Task 1-9,text,true,,207,700,1,1,http://localhost:60190/profile/profile/addEducation,5,0,0
1755165445339,7,Update Education,200,OK,Performance Task 1-9,text,true,,218,736,1,1,http://localhost:60190/profile/profile/updateEducation,7,0,0
1755165445346,4,Delete Education,200,OK,Performance Task 1-9,text,true,,218,593,1,1,http://localhost:60190/profile/profile/deleteEducation,4,0,0
1755165445351,8,Add Certification,200,OK,Performance Task 1-9,text,true,,207,667,1,1,http://localhost:60190/profile/profile/addCertification,8,0,0
1755165445360,7,Update Certification,200,OK,Performance Task 1-9,text,true,,175,710,1,1,http://localhost:60190/profile/profile/updateCertification,7,0,0
1755165445367,5,Delete Certification,200,OK,Performance Task 1-9,text,true,,217,597,1,1,http://localhost:60190/profile/profile/deleteCertification,5,0,0
1755165445372,7,Add Description,200,OK,Performance Task 1-9,text,true,,220,634,1,1,http://localhost:60190/profile/profile/addInfo,6,0,0
1755165445379,8,Share Skills,200,OK,Performance Task 1-9,text,true,,224,1797,1,1,http://localhost:51689/listing/listing/addListing,7,0,1
1755165445387,7,Delete Share Skills,200,OK,Performance Task 1-9,text,true,,204,586,1,1,http://localhost:51689/listing/listing/deleteServiceListing,7,0,0
1755165445394,5,Add Manage Listings,200,OK,Performance Task 1-9,text,true,,224,1795,1,1,http://localhost:51689/listing/listing/addListing,5,0,0
1755165445399,4,View Manage Listings,200,OK,Performance Task 1-9,text,true,,206,598,1,1,http://localhost:60190/profile/profile/isUserAuthenticated,4,0,0
1755165445403,6,Enable Manage Listings,200,OK,Performance Task 1-9,text,true,,190,580,1,1,http://localhost:51689/listing/listing/toggleIsActive,5,0,0
1755165445409,6,Disable Manage Listings,200,OK,Performance Task 1-9,text,true,,189,580,1,1,http://localhost:51689/listing/listing/toggleIsActive,6,0,0
1755165445415,7,Delete Manage Listings,200,OK,Performance Task 1-9,text,true,,202,586,1,1,http://localhost:51689/listing/listing/deleteServiceListing,7,0,0
1755165445422,4,Search Skills,200,OK,Performance Task 1-9,text,true,,206,609,1,1,http://localhost:60190/profile/profile/isUserAuthenticated,4,0,0
1755165445426,3,SignOut,200,OK,Performance Task 1-9,text,true,,206,557,1,1,http://localhost:60190/profile/profile/isUserAuthenticated,3,0,0
1755165445749,57,SignIn,200,OK,Performance Task 1-10,text,true,,492,320,1,1,http://localhost:60968/authentication/authentication/signin,57,0,3
1755165445808,5,Add Skills,200,OK,Performance Task 1-10,text,true,,207,639,1,1,http://localhost:60190/profile/profile/addSkill,5,0,0
1755165445814,7,Update Skills,200,OK,Performance Task 1-10,text,true,,207,657,1,1,http://localhost:60190/profile/profile/updateSkill,7,0,0
1755165445821,4,Delete Skills,200,OK,Performance Task 1-10,text,true,,194,657,1,1,http://localhost:60190/profile/profile/deleteSkill,4,0,0
1755165445825,4,Add Languages,200,OK,Performance Task 1-10,text,true,,207,604,1,1,http://localhost:60190/profile/profile/addLanguage,4,0,0
1755165445830,5,Update Languages,200,OK,Performance Task 1-10,text,false,Test failed: text expected to contain /true/,242,636,1,1,http://localhost:60190/profile/profile/updateLanguage,5,0,0
1755165445836,5,Delete Languages,200,OK,Performance Task 1-10,text,true,,196,592,1,1,http://localhost:60190/profile/profile/deleteLanguage,5,0,0
1755165445841,5,Add Education,200,OK,Performance Task 1-10,text,true,,207,700,1,1,http://localhost:60190/profile/profile/addEducation,5,0,0
1755165445846,8,Update Education,200,OK,Performance Task 1-10,text,true,,218,736,1,1,http://localhost:60190/profile/profile/updateEducation,8,0,0
1755165445854,4,Delete Education,200,OK,Performance Task 1-10,text,true,,218,593,1,1,http://localhost:60190/profile/profile/deleteEducation,4,0,0
1755165445859,4,Add Certification,200,OK,Performance Task 1-10,text,true,,207,667,1,1,http://localhost:60190/profile/profile/addCertification,4,0,0
1755165445863,7,Update Certification,200,OK,Performance Task 1-10,text,true,,175,710,1,1,http://localhost:60190/profile/profile/updateCertification,7,0,0
1755165445870,4,Delete Certification,200,OK,Performance Task 1-10,text,true,,217,597,1,1,http://localhost:60190/profile/profile/deleteCertification,4,0,0
1755165445875,6,Add Description,200,OK,Performance Task 1-10,text,true,,220,634,1,1,http://localhost:60190/profile/profile/addInfo,6,0,0
1755165445882,6,Share Skills,200,OK,Performance Task 1-10,text,true,,224,1797,1,1,http://localhost:51689/listing/listing/addListing,6,0,0
1755165445888,8,Delete Share Skills,200,OK,Performance Task 1-10,text,true,,204,586,1,1,http://localhost:51689/listing/listing/deleteServiceListing,8,0,0
1755165445896,5,Add Manage Listings,200,OK,Performance Task 1-10,text,true,,224,1795,1,1,http://localhost:51689/listing/listing/addListing,5,0,0
1755165445901,4,View Manage Listings,200,OK,Performance Task 1-10,text,true,,207,598,1,1,http://localhost:60190/profile/profile/isUserAuthenticated,4,0,0
1755165445905,7,Enable Manage Listings,200,OK,Performance Task 1-10,text,true,,190,580,1,1,http://localhost:51689/listing/listing/toggleIsActive,7,0,0
1755165445912,5,Disable Manage Listings,200,OK,Performance Task 1-10,text,true,,189,580,1,1,http://localhost:51689/listing/listing/toggleIsActive,5,0,0
1755165445917,8,Delete Manage Listings,200,OK,Performance Task 1-10,text,true,,202,586,1,1,http://localhost:51689/listing/listing/deleteServiceListing,8,0,0
1755165445925,4,Search Skills,200,OK,Performance Task 1-10,text,true,,207,609,1,1,http://localhost:60190/profile/profile/isUserAuthenticated,4,0,0
1755165445929,3,SignOut,200,OK,Performance Task 1-10,text,true,,207,557,1,1,http://localhost:60190/profile/profile/isUserAuthenticated,3,0,0
